ISO_Code,Country,Year,"School life expectancy, primary to tertiary, male (years)","School life expectancy, primary to tertiary, female (years)","Government expenditure on primary education, US$ (millions)","Government expenditure on secondary education, US$ (millions)","Government expenditure on tertiary education, US$ (millions)",Government expenditure on primary education as a percentage of GDP (%),Government expenditure on secondary education as a percentage of GDP (%),Government expenditure on tertiary education as a percentage of GDP (%),,
DZA,Algeria,2010,13.88,14.65,#N/B,#N/B,#N/B,#N/B,#N/B,#N/B,,
AGO,Angola,2010,10.42,8.1,#N/B,#N/B,#N/B,2.08,0.53,0.4,,
BWA,Botswana,2010,#N/B,#N/B,#N/B,#N/B,#N/B,#N/B,#N/B,#N/B,,
BFA,Burkina Faso,2010,7.05,5.97,213.65,63.74,66.71,2.11,0.63,0.66,,
CPV,Cabo Verde,2010,11.76,12.95,#N/B,#N/B,#N/B,#N/B,#N/B,#N/B,,
CMR,Cameroon,2010,#N/B,#N/B,267.63,413.17,70.84,0.97,1.5,0.26,,
BDI,Burundi,2010,10.61,9.82,62.53,38.44,24.83,3.08,1.89,1.22,,
CAF,Central African Republic,2010,#N/B,#N/B,12.75,5.75,4.90,0.6,0.27,0.23,,
TCD,Chad,2010,7.94,5.1,109.14,57.95,41.78,1.02,0.54,0.39,,
COM,Comoros,2010,#N/B,#N/B,#N/B,#N/B,#N/B,#N/B,#N/B,#N/B,,
COG,"Congo, Rep.",2010,#N/B,#N/B,231.78,398.77,81.30,1.76,3.03,0.62,,
COD,"Congo, Dem. Rep.",2010,#N/B,#N/B,109.63,110.94,78.92,0.51,0.51,0.37,,
CIV,Cote d'Ivoire,2010,#N/B,#N/B,483.90,375.40,252.19,1.39,1.07,0.72,,
DJI,Djibouti,2010,#N/B,#N/B,17.27,18.89,8.36,1.53,1.67,0.74,,
EGY,"Egypt, Arab Rep.",2010,11.12,10.73,#N/B,#N/B,#N/B,#N/B,#N/B,#N/B,,
GNQ,Equatorial Guinea,2010,#N/B,#N/B,#N/B,#N/B,#N/B,#N/B,#N/B,#N/B,,
ERI,Eritrea,2010,8.56,6.62,#N/B,#N/B,#N/B,#N/B,#N/B,#N/B,,
ETH,Ethiopia,2010,8.36,7.3,414.17,364.88,640.85,1.28,1.12,1.98,,
SWZ,Eswatini,2010,#N/B,#N/B,103.32,77.77,36.29,2.89,2.17,1.01,,
GAB,Gabon,2010,#N/B,#N/B,131.03,125.01,167.42,0.91,0.87,1.16,,
GMB,"Gambia, The",2010,7.32,7.27,25.84,9.26,3.91,1.83,0.7,0.25,,
GHA,Ghana,2010,#N/B,#N/B,550.64,662.15,462.90,1.71,2.06,1.44,,
GNB,Guinea-Bissau,2010,#N/B,#N/B,7.39,7.38,0.79,0.79,0.79,0.08,,
GIN,Guinea,2010,#N/B,#N/B,68.02,43.46,63.36,0.99,0.63,0.92,,
KEN,Kenya,2010,#N/B,#N/B,#N/B,#N/B,#N/B,#N/B,#N/B,#N/B,,
LSO,Lesotho,2010,#N/B,#N/B,#N/B,#N/B,#N/B,#N/B,#N/B,#N/B,,
LBY,Libya,2010,#N/B,#N/B,#N/B,#N/B,#N/B,#N/B,#N/B,#N/B,,
LBR,Liberia,2010,#N/B,#N/B,#N/B,#N/B,#N/B,#N/B,#N/B,#N/B,,
MWI,Malawi,2010,10.82,10.38,76.18,52.79,65.30,0.85,0.59,0.72,,
MDG,Madagascar,2010,#N/B,#N/B,#N/B,#N/B,#N/B,#N/B,#N/B,#N/B,,
MLI,Mali,2010,8,6.19,90.36,192.20,74.13,0.85,1.8,0.69,,
MRT,Mauritania,2010,8,7.51,74.34,36.28,#N/B,1.32,0.64,#N/B,,
MUS,Mauritius,2010,13.47,14.07,95.79,187.04,33.27,0.96,1.87,0.33,,
MOZ,Mozambique,2010,10.77,9.33,#N/B,#N/B,#N/B,#N/B,#N/B,#N/B,,
MAR,Morocco,2010,11.25,10.5,2003.60,2328.51,#N/B,1.99,2.31,#N/B,,
NAM,Namibia,2010,#N/B,#N/B,294.84,173.48,170.11,3.3,1.94,1.9,,
NGA,Nigeria,2010,8.3,7.44,#N/B,#N/B,#N/B,#N/B,#N/B,#N/B,,
NER,Niger,2010,5.19,4.03,130.31,45.48,26.86,1.66,0.58,0.34,,
RWA,Rwanda,2010,11.71,11.63,96.55,80.63,59.79,1.7,1.42,1.05,,
STP,Sao Tome and Principe,2010,10.26,10.15,#N/B,#N/B,#N/B,#N/B,#N/B,#N/B,,
SEN,Senegal,2010,8.27,7.99,1.77,2.99,79.33,0.01,0.02,0.49,,
SYC,Seychelles,2010,#N/B,#N/B,#N/B,#N/B,#N/B,#N/B,#N/B,#N/B,,
SOM,Somalia,2010,#N/B,#N/B,#N/B,#N/B,#N/B,#N/B,#N/B,#N/B,,
SLE,Sierra Leone,2010,#N/B,#N/B,33.85,17.59,13.11,1.31,0.68,0.51,,
ZAF,South Africa,2010,12.46,12.86,7190.14,5325.25,2011.15,2.18,1.61,0.61,,
SDN,Sudan,2010,7.09,6.43,#N/B,#N/B,#N/B,#N/B,#N/B,#N/B,,
SSD,South Sudan,2010,#N/B,#N/B,#N/B,#N/B,#N/B,#N/B,#N/B,#N/B,,
TZA,Tanzania,2010,9.27,8.94,#N/B,151.21,377.84,#N/B,0.51,1.29,,
TGO,Togo,2010,#N/B,#N/B,72.60,35.93,23.50,1.53,0.76,0.5,,
TUN,Tunisia,2010,13.66,14.69,#N/B,#N/B,776.26,#N/B,#N/B,1.68,,
UGA,Uganda,2010,#N/B,#N/B,205.17,171.15,57.73,0.82,0.68,0.23,,
ZMB,Zambia,2010,#N/B,#N/B,#N/B,#N/B,#N/B,#N/B,#N/B,#N/B,,
ZWE,Zimbabwe,2010,#N/B,#N/B,95.90,47.61,42.42,0.8,0.4,0.35,,
BEN,Benin,2010,#N/B,#N/B,185.36,98.19,54.76,1.94,1.03,0.57,,
DZA,Algeria,2011,14.09,14.9,#N/B,#N/B,#N/B,#N/B,#N/B,#N/B,,
AGO,Angola,2011,12.63,7.86,#N/B,#N/B,#N/B,2.22,0.38,0.37,,
BWA,Botswana,2011,#N/B,#N/B,#N/B,#N/B,#N/B,#N/B,#N/B,#N/B,,
BFA,Burkina Faso,2011,7.5,6.42,301.57,91.78,73.71,2.5,0.76,0.61,,
CPV,Cabo Verde,2011,12.03,13.31,40.60,34.98,15.59,1.98,1.71,0.76,,
CMR,Cameroon,2011,11.85,9.99,265.77,397.19,122.67,0.87,1.3,0.4,,
BDI,Burundi,2011,#N/B,#N/B,70.22,38.65,24.67,3.14,1.73,1.1,,
CAF,Central African Republic,2011,#N/B,#N/B,#N/B,#N/B,7.37,#N/B,#N/B,0.3,,
TCD,Chad,2011,8.55,5.69,111.77,96.05,44.75,0.92,0.79,0.37,,
COM,Comoros,2011,#N/B,#N/B,16.26,7.99,2.60,1.59,0.78,0.25,,
COG,"Congo, Rep.",2011,#N/B,#N/B,#N/B,#N/B,#N/B,#N/B,#N/B,#N/B,,
COD,"Congo, Dem. Rep.",2011,10.02,7.47,#N/B,#N/B,#N/B,#N/B,#N/B,#N/B,,
CIV,Cote d'Ivoire,2011,#N/B,#N/B,415.99,344.03,271.93,1.13,0.94,0.74,,
DJI,Djibouti,2011,#N/B,#N/B,#N/B,#N/B,#N/B,#N/B,#N/B,#N/B,,
EGY,"Egypt, Arab Rep.",2011,11.13,10.7,#N/B,#N/B,#N/B,#N/B,#N/B,#N/B,,
GNQ,Equatorial Guinea,2011,#N/B,#N/B,#N/B,#N/B,#N/B,#N/B,#N/B,#N/B,,
ERI,Eritrea,2011,#N/B,#N/B,#N/B,#N/B,#N/B,#N/B,#N/B,#N/B,,
ETH,Ethiopia,2011,8.45,7.51,435.39,420.29,736.93,1.45,1.4,2.46,,
SWZ,Eswatini,2011,13.22,11.77,148.29,111.84,39.12,3.34,2.52,0.88,,
GAB,Gabon,2011,#N/B,#N/B,162.06,170.95,185.46,0.89,0.94,1.02,,
GMB,"Gambia, The",2011,#N/B,#N/B,22.50,9.58,2.69,1.65,0.72,0.19,,
GHA,Ghana,2011,11.15,10.17,1456.70,876.02,420.35,3.7,2.23,1.07,,
GNB,Guinea-Bissau,2011,#N/B,#N/B,10.35,8.47,1.30,0.89,0.73,0.11,,
GIN,Guinea,2011,9.87,7.28,54.54,33.41,67.26,0.8,0.49,0.99,,
KEN,Kenya,2011,#N/B,#N/B,823.82,908.14,272.73,1.81,2,0.6,,
LSO,Lesotho,2011,#N/B,#N/B,#N/B,#N/B,#N/B,#N/B,#N/B,#N/B,,
LBY,Libya,2011,#N/B,#N/B,#N/B,#N/B,#N/B,#N/B,#N/B,#N/B,,
LBR,Liberia,2011,#N/B,#N/B,#N/B,#N/B,#N/B,#N/B,#N/B,#N/B,,
MWI,Malawi,2011,10.87,10.55,100.11,87.87,76.96,0.99,0.87,0.76,,
MDG,Madagascar,2011,9.58,9.44,129.49,61.39,37.08,1.12,0.53,0.32,,
MLI,Mali,2011,8.06,6.41,187.68,185.29,113.47,1.44,1.43,0.87,,
MRT,Mauritania,2011,8.22,7.55,71.07,33.28,20.23,1.05,0.49,0.3,,
MUS,Mauritius,2011,13.56,14.29,104.02,186.98,30.56,0.9,1.62,0.27,,
MOZ,Mozambique,2011,10.49,9.2,#N/B,#N/B,#N/B,#N/B,#N/B,#N/B,,
MAR,Morocco,2011,11.63,10.85,2198.54,2555.06,#N/B,2,2.32,#N/B,,
NAM,Namibia,2011,#N/B,#N/B,#N/B,#N/B,#N/B,#N/B,#N/B,#N/B,,
NGA,Nigeria,2011,8.63,7.66,#N/B,#N/B,#N/B,#N/B,#N/B,#N/B,,
NER,Niger,2011,5.49,4.27,152.18,65.55,38.80,1.73,0.75,0.44,,
RWA,Rwanda,2011,11.89,11.9,85.50,101.08,49.49,1.4,1.65,0.81,,
STP,Sao Tome and Principe,2011,#N/B,#N/B,#N/B,#N/B,#N/B,#N/B,#N/B,#N/B,,
SEN,Senegal,2011,8.77,8.85,361.13,248.83,245.27,2.03,1.4,1.38,,
SYC,Seychelles,2011,11.92,12.24,9.21,6.21,#N/B,0.87,0.59,#N/B,,
SOM,Somalia,2011,#N/B,#N/B,#N/B,#N/B,#N/B,#N/B,#N/B,#N/B,,
SLE,Sierra Leone,2011,#N/B,#N/B,41.27,20.65,14.08,1.41,0.7,0.48,,
ZAF,South Africa,2011,12.65,13.08,9063.04,7367.10,2620.46,2.17,1.77,0.63,,
SDN,Sudan,2011,6.83,6.15,#N/B,#N/B,#N/B,#N/B,#N/B,#N/B,,
SSD,South Sudan,2011,#N/B,#N/B,89.80,16.95,36.37,0.6,0.11,0.24,,
TZA,Tanzania,2011,#N/B,#N/B,#N/B,#N/B,#N/B,#N/B,#N/B,#N/B,,
TGO,Togo,2011,#N/B,#N/B,81.44,48.91,26.74,1.5,0.9,0.49,,
TUN,Tunisia,2011,13.77,14.76,#N/B,#N/B,#N/B,#N/B,#N/B,#N/B,,
UGA,Uganda,2011,#N/B,#N/B,348.64,199.78,64.78,1.31,0.75,0.24,,
ZMB,Zambia,2011,#N/B,#N/B,#N/B,#N/B,#N/B,#N/B,#N/B,#N/B,,
ZWE,Zimbabwe,2011,#N/B,#N/B,#N/B,#N/B,#N/B,#N/B,#N/B,#N/B,,
BEN,Benin,2011,12.08,9.2,#N/B,#N/B,#N/B,#N/B,#N/B,#N/B,,
DZA,Algeria,2012,#N/B,#N/B,#N/B,#N/B,#N/B,#N/B,#N/B,#N/B,,
AGO,Angola,2012,#N/B,#N/B,#N/B,#N/B,#N/B,2.08,0.4,0.31,,
BWA,Botswana,2012,#N/B,#N/B,#N/B,#N/B,#N/B,#N/B,#N/B,#N/B,,
BFA,Burkina Faso,2012,7.73,6.78,274.39,82.85,79.21,2.18,0.66,0.63,,
CPV,Cabo Verde,2012,12.2,13.48,#N/B,#N/B,#N/B,1.73,1.78,0.47,,
CMR,Cameroon,2012,12.41,10.61,284.10,412.52,60.99,0.94,1.37,0.2,,
BDI,Burundi,2012,10.85,10.27,63.32,34.85,29.62,2.71,1.49,1.27,,
CAF,Central African Republic,2012,7.45,5.2,#N/B,#N/B,#N/B,#N/B,#N/B,#N/B,,
TCD,Chad,2012,#N/B,#N/B,127.42,56.55,82.56,1.03,0.46,0.67,,
COM,Comoros,2012,#N/B,#N/B,15.80,7.77,2.29,1.56,0.76,0.23,,
COG,"Congo, Rep.",2012,10.61,10.33,#N/B,#N/B,#N/B,#N/B,#N/B,0.45,,
COD,"Congo, Dem. Rep.",2012,9.72,7.48,#N/B,#N/B,#N/B,#N/B,#N/B,#N/B,,
CIV,Cote d'Ivoire,2012,#N/B,#N/B,493.72,419.99,308.79,1.36,1.16,0.85,,
DJI,Djibouti,2012,#N/B,#N/B,#N/B,#N/B,#N/B,#N/B,#N/B,#N/B,,
EGY,"Egypt, Arab Rep.",2012,11.43,11.06,#N/B,#N/B,#N/B,#N/B,#N/B,#N/B,,
GNQ,Equatorial Guinea,2012,#N/B,#N/B,#N/B,#N/B,#N/B,#N/B,#N/B,#N/B,,
ERI,Eritrea,2012,#N/B,#N/B,#N/B,#N/B,#N/B,#N/B,#N/B,#N/B,,
ETH,Ethiopia,2012,8.46,7.61,435.06,450.07,833.12,1.36,1.41,2.61,,
SWZ,Eswatini,2012,#N/B,#N/B,#N/B,#N/B,#N/B,#N/B,#N/B,#N/B,,
GAB,Gabon,2012,#N/B,#N/B,140.61,179.01,175.37,0.82,1.04,1.02,,
GMB,"Gambia, The",2012,#N/B,#N/B,22.38,11.70,2.75,1.58,0.27,0.19,,
GHA,Ghana,2012,11.41,10.44,1055.85,1332.93,605.32,2.56,3.23,1.47,,
GNB,Guinea-Bissau,2012,#N/B,#N/B,11.13,7.21,1.15,1.06,0.69,0.11,,
GIN,Guinea,2012,9.71,7.22,61.02,32.18,46.76,0.8,0.42,0.61,,
KEN,Kenya,2012,#N/B,#N/B,790.20,965.24,406.98,1.69,2.06,0.87,,
LSO,Lesotho,2012,11.34,12.22,#N/B,#N/B,#N/B,#N/B,#N/B,#N/B,,
LBY,Libya,2012,#N/B,#N/B,#N/B,#N/B,#N/B,#N/B,#N/B,#N/B,,
LBR,Liberia,2012,#N/B,#N/B,13.09,14.70,13.45,0.55,0.61,0.56,,
MWI,Malawi,2012,#N/B,#N/B,#N/B,#N/B,#N/B,#N/B,#N/B,#N/B,,
MDG,Madagascar,2012,9.77,9.62,128.34,52.43,41.20,1.11,0.45,0.36,,
MLI,Mali,2012,#N/B,#N/B,165.87,172.81,88.06,1.33,1.39,0.71,,
MRT,Mauritania,2012,8.68,7.82,68.63,41.60,17.77,1.02,0.62,0.26,,
MUS,Mauritius,2012,14.16,15.05,105.35,214.40,31.31,0.9,1.84,0.27,,
MOZ,Mozambique,2012,10.37,9.17,481.61,272.96,112.98,2.89,1.64,0.68,,
MAR,Morocco,2012,11.99,11.15,2213.01,2704.79,#N/B,2.07,2.53,#N/B,,
NAM,Namibia,2012,#N/B,#N/B,#N/B,#N/B,#N/B,#N/B,#N/B,#N/B,,
NGA,Nigeria,2012,#N/B,#N/B,#N/B,#N/B,#N/B,#N/B,#N/B,#N/B,,
NER,Niger,2012,5.7,4.52,156.04,71.59,52.92,1.66,0.76,0.56,,
RWA,Rwanda,2012,12.13,12.09,110.34,111.06,40.39,1.6,1.61,0.59,,
STP,Sao Tome and Principe,2012,10.66,10.63,8.19,3.38,2.56,3.57,1.47,1.12,,
SEN,Senegal,2012,8.99,9.09,354.77,234.58,228.59,2.01,1.33,1.29,,
SYC,Seychelles,2012,14.2,13.84,10.72,8.76,#N/B,0.98,0.8,#N/B,,
SOM,Somalia,2012,#N/B,#N/B,#N/B,#N/B,#N/B,#N/B,#N/B,#N/B,,
SLE,Sierra Leone,2012,#N/B,#N/B,54.08,26.28,25.35,1.43,0.69,0.67,,
ZAF,South Africa,2012,12.98,13.47,10590.76,8027.72,3160.78,2.31,1.75,0.69,,
SDN,Sudan,2012,7.13,6.42,#N/B,#N/B,#N/B,#N/B,#N/B,#N/B,,
SSD,South Sudan,2012,#N/B,#N/B,#N/B,#N/B,#N/B,#N/B,#N/B,#N/B,,
TZA,Tanzania,2012,#N/B,#N/B,#N/B,#N/B,#N/B,#N/B,#N/B,#N/B,,
TGO,Togo,2012,#N/B,#N/B,116.31,26.21,33.54,2.15,0.48,0.62,,
TUN,Tunisia,2012,#N/B,#N/B,#N/B,#N/B,791.90,#N/B,#N/B,1.67,,
UGA,Uganda,2012,#N/B,#N/B,290.47,141.87,68.65,1.04,0.51,0.25,,
ZMB,Zambia,2012,#N/B,#N/B,#N/B,#N/B,#N/B,#N/B,#N/B,#N/B,,
ZWE,Zimbabwe,2012,10.98,10.46,487.57,270.94,204.63,2.85,1.58,1.2,,
BEN,Benin,2012,#N/B,#N/B,202.91,87.19,98.23,1.82,0.78,0.88,,
DZA,Algeria,2013,#N/B,#N/B,#N/B,#N/B,#N/B,#N/B,#N/B,#N/B,,
AGO,Angola,2013,#N/B,#N/B,#N/B,#N/B,#N/B,2.4,#N/B,#N/B,,
BWA,Botswana,2013,#N/B,#N/B,#N/B,#N/B,#N/B,#N/B,#N/B,#N/B,,
BFA,Burkina Faso,2013,7.9,7.1,328.23,83.24,119.23,2.44,0.62,0.89,,
CPV,Cabo Verde,2013,12.73,14.1,35.54,37.28,14.64,1.75,1.84,0.72,,
CMR,Cameroon,2013,#N/B,#N/B,303.44,#N/B,91.42,0.9,1.48,0.27,,
BDI,Burundi,2013,10.91,10.43,66.77,39.42,35.62,2.72,1.61,1.45,,
CAF,Central African Republic,2013,#N/B,#N/B,#N/B,#N/B,#N/B,#N/B,#N/B,#N/B,,
TCD,Chad,2013,#N/B,#N/B,#N/B,91.26,117.06,#N/B,0.7,0.9,,
COM,Comoros,2013,11.86,11.52,14.67,7.44,2.59,1.31,0.67,0.23,,
COG,"Congo, Rep.",2013,#N/B,#N/B,#N/B,#N/B,99.40,#N/B,#N/B,0.55,,
COD,"Congo, Dem. Rep.",2013,9.87,7.82,415.09,96.78,147.95,1.27,0.3,0.45,,
CIV,Cote d'Ivoire,2013,#N/B,#N/B,580.93,501.09,368.20,1.36,1.17,0.86,,
DJI,Djibouti,2013,#N/B,#N/B,#N/B,#N/B,#N/B,#N/B,#N/B,#N/B,,
EGY,"Egypt, Arab Rep.",2013,11.64,11.25,#N/B,#N/B,#N/B,#N/B,#N/B,#N/B,,
GNQ,Equatorial Guinea,2013,#N/B,#N/B,#N/B,#N/B,#N/B,#N/B,#N/B,#N/B,,
ERI,Eritrea,2013,#N/B,#N/B,#N/B,#N/B,#N/B,#N/B,#N/B,#N/B,,
ETH,Ethiopia,2013,#N/B,#N/B,468.50,571.01,832.16,1.08,1.32,1.92,,
SWZ,Eswatini,2013,13.3,12.18,#N/B,#N/B,#N/B,2.2,1.74,0.76,,
GAB,Gabon,2013,#N/B,#N/B,134.57,139.21,241.78,0.76,0.79,1.37,,
GMB,"Gambia, The",2013,#N/B,#N/B,12.96,8.88,2.68,0.8,0.36,0.2,,
GHA,Ghana,2013,11.53,10.61,700.93,1068.56,558.35,1.12,1.7,0.89,,
GNB,Guinea-Bissau,2013,#N/B,#N/B,14.37,6.79,0.87,1.29,0.61,0.08,,
GIN,Guinea,2013,9.71,7.29,88.57,55.50,76.43,1.06,0.66,0.91,,
KEN,Kenya,2013,#N/B,#N/B,986.14,1174.97,387.79,1.75,2.08,0.69,,
LSO,Lesotho,2013,10.97,11.78,#N/B,#N/B,#N/B,#N/B,#N/B,#N/B,,
LBY,Libya,2013,#N/B,#N/B,#N/B,#N/B,#N/B,#N/B,#N/B,#N/B,,
LBR,Liberia,2013,#N/B,#N/B,#N/B,#N/B,#N/B,#N/B,#N/B,#N/B,,
MWI,Malawi,2013,#N/B,#N/B,119.95,79.78,92.59,1.37,0.91,1.06,,
MDG,Madagascar,2013,#N/B,#N/B,#N/B,#N/B,#N/B,#N/B,#N/B,#N/B,,
MLI,Mali,2013,7.14,6.63,171.63,174.80,82.80,1.3,1.32,0.63,,
MRT,Mauritania,2013,8.92,8.16,71.58,38.66,19.18,0.99,0.54,0.27,,
MUS,Mauritius,2013,14.15,14.82,120.48,238.93,35.18,0.98,1.94,0.29,,
MOZ,Mozambique,2013,10.99,9.78,511.20,317.68,142.12,2.97,1.85,0.83,,
MAR,Morocco,2013,#N/B,#N/B,2447.61,2896.51,#N/B,2.11,2.5,#N/B,,
NAM,Namibia,2013,#N/B,#N/B,#N/B,#N/B,#N/B,#N/B,#N/B,#N/B,,
NGA,Nigeria,2013,#N/B,#N/B,#N/B,#N/B,#N/B,#N/B,#N/B,#N/B,,
NER,Niger,2013,#N/B,#N/B,200.92,94.65,61.36,1.97,0.93,0.6,,
RWA,Rwanda,2013,9.55,9.82,109.30,151.42,50.90,1.43,1.98,0.66,,
STP,Sao Tome and Principe,2013,#N/B,#N/B,9.51,4.81,1.47,3.56,1.8,0.55,,
SEN,Senegal,2013,9,9.21,382.84,294.75,361.33,2.02,1.56,1.91,,
SYC,Seychelles,2013,14.25,14.53,16.58,13.66,#N/B,1.24,1.02,#N/B,,
SOM,Somalia,2013,#N/B,#N/B,#N/B,#N/B,#N/B,#N/B,#N/B,#N/B,,
SLE,Sierra Leone,2013,#N/B,#N/B,57.21,25.94,30.36,1.16,0.53,0.62,,
ZAF,South Africa,2013,#N/B,#N/B,9857.84,7000.54,2957.49,2.27,1.61,0.68,,
SDN,Sudan,2013,7.3,6.7,#N/B,#N/B,#N/B,#N/B,#N/B,#N/B,,
SSD,South Sudan,2013,#N/B,#N/B,76.31,13.02,28.28,0.64,0.11,0.24,,
TZA,Tanzania,2013,8.56,8.43,#N/B,#N/B,#N/B,#N/B,#N/B,#N/B,,
TGO,Togo,2013,#N/B,#N/B,112.00,30.29,42.46,1.86,0.5,0.71,,
TUN,Tunisia,2013,#N/B,#N/B,#N/B,#N/B,824.22,#N/B,#N/B,1.69,,
UGA,Uganda,2013,#N/B,#N/B,292.43,135.96,82.54,1.07,0.5,0.3,,
ZMB,Zambia,2013,#N/B,#N/B,#N/B,#N/B,#N/B,#N/B,#N/B,#N/B,,
ZWE,Zimbabwe,2013,10.87,10.35,533.17,304.56,217.24,2.79,1.6,1.14,,
BEN,Benin,2013,13.04,10.21,208.80,109.81,87.62,1.67,0.88,0.7,,
DZA,Algeria,2014,#N/B,#N/B,#N/B,#N/B,#N/B,#N/B,#N/B,#N/B,,
AGO,Angola,2014,#N/B,#N/B,#N/B,#N/B,#N/B,#N/B,#N/B,#N/B,,
BWA,Botswana,2014,#N/B,#N/B,#N/B,#N/B,#N/B,#N/B,#N/B,#N/B,,
BFA,Burkina Faso,2014,7.97,7.3,369.66,95.51,69.45,2.65,0.68,0.5,,
CPV,Cabo Verde,2014,12.81,14.21,39.62,35.09,16.14,1.94,1.72,0.79,,
CMR,Cameroon,2014,13.01,11.2,#N/B,#N/B,#N/B,0.9,1.36,0.32,,
BDI,Burundi,2014,10.97,10.62,#N/B,#N/B,#N/B,#N/B,#N/B,#N/B,,
CAF,Central African Republic,2014,#N/B,#N/B,#N/B,#N/B,#N/B,#N/B,#N/B,#N/B,,
TCD,Chad,2014,9.11,6.19,#N/B,#N/B,#N/B,#N/B,#N/B,#N/B,,
COM,Comoros,2014,11.94,11.66,17.78,9.02,2.44,1.55,0.78,0.21,,
COG,"Congo, Rep.",2014,#N/B,#N/B,#N/B,#N/B,#N/B,#N/B,#N/B,1.4,,
COD,"Congo, Dem. Rep.",2014,#N/B,#N/B,#N/B,#N/B,#N/B,#N/B,#N/B,#N/B,,
CIV,Cote d'Ivoire,2014,9.17,7.63,632.85,601.87,340.30,1.3,1.23,0.7,,
DJI,Djibouti,2014,#N/B,#N/B,#N/B,#N/B,#N/B,#N/B,#N/B,#N/B,,
EGY,"Egypt, Arab Rep.",2014,11.5,11.2,#N/B,#N/B,#N/B,#N/B,#N/B,#N/B,,
GNQ,Equatorial Guinea,2014,#N/B,#N/B,#N/B,#N/B,#N/B,#N/B,#N/B,#N/B,,
ERI,Eritrea,2014,9.08,7.28,#N/B,#N/B,#N/B,#N/B,#N/B,#N/B,,
ETH,Ethiopia,2014,#N/B,#N/B,668.24,363.32,1006.96,1.4,0.76,2.11,,
SWZ,Eswatini,2014,#N/B,#N/B,165.10,110.70,43.34,3.59,2.41,0.94,,
GAB,Gabon,2014,#N/B,#N/B,141.92,140.48,183.62,0.78,0.77,1.01,,
GMB,"Gambia, The",2014,#N/B,#N/B,15.14,8.29,4.00,1.22,0.67,0.33,,
GHA,Ghana,2014,11.13,10.35,522.98,891.39,440.26,0.95,1.63,0.8,,
GNB,Guinea-Bissau,2014,#N/B,#N/B,#N/B,#N/B,#N/B,#N/B,#N/B,#N/B,,
GIN,Guinea,2014,10.27,7.76,82.75,46.48,83.26,0.94,0.53,0.95,,
KEN,Kenya,2014,#N/B,#N/B,1049.89,1254.58,398.64,1.7,2.03,0.65,,
LSO,Lesotho,2014,10.88,11.66,#N/B,#N/B,#N/B,#N/B,#N/B,#N/B,,
LBY,Libya,2014,#N/B,#N/B,#N/B,#N/B,#N/B,#N/B,#N/B,#N/B,,
LBR,Liberia,2014,#N/B,#N/B,#N/B,#N/B,#N/B,#N/B,#N/B,#N/B,,
MWI,Malawi,2014,11.42,11.04,132.16,65.88,57.56,1.65,0.82,0.72,,
MDG,Madagascar,2014,9.86,9.81,#N/B,#N/B,#N/B,#N/B,#N/B,#N/B,,
MLI,Mali,2014,7.8,6.25,226.33,178.81,113.13,1.58,1.24,0.79,,
MRT,Mauritania,2014,#N/B,#N/B,#N/B,#N/B,#N/B,#N/B,#N/B,#N/B,,
MUS,Mauritius,2014,14.57,15.18,142.79,387.96,44.44,1.09,2.97,0.34,,
MOZ,Mozambique,2014,10.93,9.8,#N/B,#N/B,#N/B,#N/B,#N/B,#N/B,,
MAR,Morocco,2014,#N/B,#N/B,#N/B,#N/B,#N/B,#N/B,#N/B,#N/B,,
NAM,Namibia,2014,#N/B,#N/B,74.49,67.59,223.47,0.62,0.56,1.86,,
NGA,Nigeria,2014,#N/B,#N/B,#N/B,#N/B,#N/B,#N/B,#N/B,#N/B,,
NER,Niger,2014,#N/B,#N/B,289.32,161.44,77.16,2.66,1.49,0.71,,
RWA,Rwanda,2014,11.5,11.64,#N/B,#N/B,#N/B,#N/B,1.34,0.94,,
STP,Sao Tome and Principe,2014,11.55,11.39,7.25,2.94,1.25,2.47,1,0.43,,
SEN,Senegal,2014,9.13,9.46,394.72,377.40,326.59,1.99,1.91,1.65,,
SYC,Seychelles,2014,15.52,16.66,20.53,17.73,#N/B,1.48,1.28,#N/B,,
SOM,Somalia,2014,#N/B,#N/B,#N/B,#N/B,#N/B,#N/B,#N/B,#N/B,,
SLE,Sierra Leone,2014,#N/B,#N/B,57.55,31.23,41.04,1.15,0.62,0.82,,
ZAF,South Africa,2014,13.34,14.09,8605.13,6813.94,2702.75,2.15,1.7,0.67,,
SDN,Sudan,2014,7.32,6.72,#N/B,#N/B,#N/B,#N/B,#N/B,#N/B,,
SSD,South Sudan,2014,#N/B,#N/B,130.66,37.71,56.06,0.71,0.2,0.3,,
TZA,Tanzania,2014,#N/B,#N/B,759.45,282.28,330.65,1.66,0.62,0.72,,
TGO,Togo,2014,#N/B,#N/B,129.03,38.30,47.48,2.02,0.6,0.74,,
TUN,Tunisia,2014,#N/B,#N/B,#N/B,#N/B,787.67,#N/B,#N/B,1.57,,
UGA,Uganda,2014,#N/B,#N/B,327.52,135.92,90.22,1.13,0.47,0.31,,
ZMB,Zambia,2014,#N/B,#N/B,#N/B,#N/B,#N/B,#N/B,#N/B,#N/B,,
ZWE,Zimbabwe,2014,#N/B,#N/B,571.65,321.51,201.43,2.93,1.65,1.03,,
BEN,Benin,2014,12.98,10.28,205.57,110.27,85.48,1.55,0.83,0.64,,
DZA,Algeria,2015,#N/B,#N/B,#N/B,#N/B,#N/B,#N/B,#N/B,#N/B,,
AGO,Angola,2015,#N/B,#N/B,#N/B,#N/B,#N/B,2.26,0.56,0.46,,
BWA,Botswana,2015,#N/B,#N/B,#N/B,#N/B,#N/B,#N/B,#N/B,#N/B,,
BFA,Burkina Faso,2015,8.3,7.7,251.29,95.93,59.28,2.12,0.81,0.5,,
CPV,Cabo Verde,2015,12.78,14.08,33.18,33.30,15.49,1.9,1.9,0.89,,
CMR,Cameroon,2015,13.24,11.49,#N/B,#N/B,#N/B,0.91,1.35,0.29,,
BDI,Burundi,2015,10.98,10.66,#N/B,#N/B,#N/B,#N/B,#N/B,#N/B,,
CAF,Central African Republic,2015,#N/B,#N/B,#N/B,#N/B,#N/B,#N/B,#N/B,#N/B,,
TCD,Chad,2015,8.48,5.77,#N/B,#N/B,#N/B,#N/B,#N/B,#N/B,,
COM,Comoros,2015,#N/B,#N/B,13.43,6.81,2.56,1.39,0.7,0.26,,
COG,"Congo, Rep.",2015,#N/B,#N/B,#N/B,#N/B,#N/B,#N/B,#N/B,1.73,,
COD,"Congo, Dem. Rep.",2015,#N/B,#N/B,#N/B,#N/B,185.54,#N/B,#N/B,0.52,,
CIV,Cote d'Ivoire,2015,9.29,7.9,662.85,547.46,343.29,1.45,1.19,0.75,,
DJI,Djibouti,2015,#N/B,#N/B,#N/B,1.10,#N/B,#N/B,0.05,#N/B,,
EGY,"Egypt, Arab Rep.",2015,#N/B,#N/B,#N/B,#N/B,#N/B,#N/B,#N/B,#N/B,,
GNQ,Equatorial Guinea,2015,#N/B,#N/B,#N/B,#N/B,#N/B,#N/B,#N/B,#N/B,,
ERI,Eritrea,2015,8.48,7.01,#N/B,#N/B,#N/B,#N/B,#N/B,#N/B,,
ETH,Ethiopia,2015,#N/B,#N/B,#N/B,#N/B,#N/B,#N/B,#N/B,#N/B,,
SWZ,Eswatini,2015,#N/B,#N/B,#N/B,#N/B,#N/B,2.31,#N/B,0.75,,
GAB,Gabon,2015,#N/B,#N/B,#N/B,#N/B,#N/B,#N/B,#N/B,#N/B,,
GMB,"Gambia, The",2015,#N/B,#N/B,16.62,9.77,3.37,1.19,0.7,0.24,,
GHA,Ghana,2015,11.59,10.84,#N/B,#N/B,#N/B,#N/B,#N/B,#N/B,,
GNB,Guinea-Bissau,2015,#N/B,#N/B,#N/B,#N/B,#N/B,#N/B,#N/B,#N/B,,
GIN,Guinea,2015,9.36,6.92,86.18,48.37,86.60,0.98,0.55,0.98,,
KEN,Kenya,2015,#N/B,#N/B,1177.07,1352.78,423.48,1.72,1.98,0.62,,
LSO,Lesotho,2015,10.69,11.43,#N/B,#N/B,#N/B,#N/B,#N/B,#N/B,,
LBY,Libya,2015,#N/B,#N/B,#N/B,#N/B,#N/B,#N/B,#N/B,#N/B,,
LBR,Liberia,2015,#N/B,#N/B,19.46,29.00,#N/B,0.6,0.9,#N/B,,
MWI,Malawi,2015,#N/B,#N/B,149.08,94.30,82.12,1.69,1.07,0.93,,
MDG,Madagascar,2015,9.96,9.95,#N/B,#N/B,#N/B,#N/B,#N/B,#N/B,,
MLI,Mali,2015,7.47,6.21,224.84,164.43,103.49,1.72,1.25,0.79,,
MRT,Mauritania,2015,9,8.37,72.54,40.01,23.05,1.18,0.65,0.37,,
MUS,Mauritius,2015,14.1,14.96,117.81,366.47,38.98,0.98,3.05,0.32,,
MOZ,Mozambique,2015,10.94,9.84,#N/B,#N/B,#N/B,#N/B,#N/B,#N/B,,
MAR,Morocco,2015,#N/B,#N/B,#N/B,#N/B,#N/B,#N/B,#N/B,#N/B,,
NAM,Namibia,2015,#N/B,#N/B,#N/B,#N/B,#N/B,#N/B,#N/B,#N/B,,
NGA,Nigeria,2015,#N/B,#N/B,#N/B,#N/B,#N/B,#N/B,#N/B,#N/B,,
NER,Niger,2015,6.46,5.19,198.89,139.77,58.67,2.05,1.44,0.61,,
RWA,Rwanda,2015,11.06,11.1,98.15,128.08,62.68,1.19,1.55,0.76,,
STP,Sao Tome and Principe,2015,12.43,12.42,#N/B,#N/B,#N/B,0.58,0.76,0.35,,
SEN,Senegal,2015,#N/B,#N/B,331.32,284.62,311.41,1.86,1.6,1.75,,
SYC,Seychelles,2015,15.81,16.64,24.27,20.68,13.92,1.69,1.44,0.97,,
SOM,Somalia,2015,#N/B,#N/B,#N/B,#N/B,#N/B,#N/B,#N/B,#N/B,,
SLE,Sierra Leone,2015,#N/B,#N/B,#N/B,#N/B,#N/B,#N/B,#N/B,#N/B,,
ZAF,South Africa,2015,14.04,14.06,7965.49,6409.85,2622.49,2.09,1.68,0.69,,
SDN,Sudan,2015,7.32,6.81,#N/B,#N/B,#N/B,#N/B,#N/B,#N/B,,
SSD,South Sudan,2015,#N/B,#N/B,110.03,36.82,56.49,0.79,0.26,0.4,,
TZA,Tanzania,2015,7.82,7.88,#N/B,#N/B,#N/B,#N/B,#N/B,#N/B,,
TGO,Togo,2015,#N/B,#N/B,137.70,34.74,37.01,2.39,0.6,0.64,,
TUN,Tunisia,2015,#N/B,#N/B,#N/B,2038.57,681.68,#N/B,4.45,1.49,,
UGA,Uganda,2015,#N/B,#N/B,#N/B,#N/B,#N/B,#N/B,#N/B,#N/B,,
ZMB,Zambia,2015,#N/B,#N/B,616.30,244.71,116.31,2.9,1.15,0.55,,
ZWE,Zimbabwe,2015,#N/B,#N/B,#N/B,#N/B,#N/B,#N/B,#N/B,#N/B,,
BEN,Benin,2015,13.09,10.59,179.98,85.77,80.03,1.58,0.75,0.7,,
DZA,Algeria,2016,#N/B,#N/B,#N/B,#N/B,#N/B,#N/B,#N/B,#N/B,,
AGO,Angola,2016,#N/B,#N/B,#N/B,#N/B,#N/B,1.64,0.61,0.4,,
BWA,Botswana,2016,#N/B,#N/B,#N/B,#N/B,#N/B,#N/B,#N/B,#N/B,,
BFA,Burkina Faso,2016,8.5,7.96,#N/B,123.21,194.51,#N/B,0.96,1.52,,
CPV,Cabo Verde,2016,12.84,14.2,34.38,35.93,15.52,1.86,1.94,0.84,,
CMR,Cameroon,2016,13.11,11.46,#N/B,#N/B,#N/B,0.95,1.25,0.24,,
BDI,Burundi,2016,10.82,10.73,#N/B,#N/B,#N/B,#N/B,#N/B,#N/B,,
CAF,Central African Republic,2016,#N/B,#N/B,#N/B,#N/B,#N/B,#N/B,#N/B,#N/B,,
TCD,Chad,2016,#N/B,#N/B,#N/B,#N/B,#N/B,#N/B,#N/B,#N/B,,
COM,Comoros,2016,#N/B,#N/B,#N/B,#N/B,#N/B,#N/B,#N/B,#N/B,,
COG,"Congo, Rep.",2016,#N/B,#N/B,#N/B,#N/B,#N/B,#N/B,#N/B,1.22,,
COD,"Congo, Dem. Rep.",2016,#N/B,#N/B,#N/B,#N/B,#N/B,#N/B,#N/B,#N/B,,
CIV,Cote d'Ivoire,2016,9.73,8.39,846.92,584.47,417.24,1.75,1.21,0.86,,
DJI,Djibouti,2016,#N/B,#N/B,43.77,0.85,#N/B,1.68,0.03,#N/B,,
EGY,"Egypt, Arab Rep.",2016,11.68,11.53,#N/B,#N/B,#N/B,#N/B,#N/B,#N/B,,
GNQ,Equatorial Guinea,2016,#N/B,#N/B,#N/B,#N/B,#N/B,#N/B,#N/B,#N/B,,
ERI,Eritrea,2016,#N/B,#N/B,#N/B,#N/B,#N/B,#N/B,#N/B,#N/B,,
ETH,Ethiopia,2016,#N/B,#N/B,#N/B,#N/B,#N/B,#N/B,#N/B,#N/B,,
SWZ,Eswatini,2016,#N/B,#N/B,#N/B,#N/B,#N/B,2.34,#N/B,0.76,,
GAB,Gabon,2016,#N/B,#N/B,#N/B,#N/B,#N/B,#N/B,#N/B,#N/B,,
GMB,"Gambia, The",2016,#N/B,#N/B,#N/B,#N/B,#N/B,#N/B,#N/B,#N/B,,
GHA,Ghana,2016,11.44,10.87,#N/B,#N/B,#N/B,#N/B,#N/B,#N/B,,
GNB,Guinea-Bissau,2016,#N/B,#N/B,#N/B,#N/B,#N/B,#N/B,#N/B,#N/B,,
GIN,Guinea,2016,9.74,7.21,88.63,49.64,80.24,1.03,0.58,0.93,,
KEN,Kenya,2016,#N/B,#N/B,#N/B,#N/B,#N/B,#N/B,#N/B,#N/B,,
LSO,Lesotho,2016,#N/B,#N/B,#N/B,#N/B,#N/B,#N/B,#N/B,#N/B,,
LBY,Libya,2016,#N/B,#N/B,#N/B,#N/B,#N/B,#N/B,#N/B,#N/B,,
LBR,Liberia,2016,#N/B,#N/B,67.47,94.55,#N/B,2.09,2.93,#N/B,,
MWI,Malawi,2016,#N/B,#N/B,132.92,87.03,69.93,1.44,0.94,0.76,,
MDG,Madagascar,2016,9.79,9.79,#N/B,#N/B,#N/B,#N/B,#N/B,#N/B,,
MLI,Mali,2016,7.61,6.17,171.80,162.34,94.39,1.22,1.16,0.67,,
MRT,Mauritania,2016,8.41,8.01,69.54,32.17,22.06,1.09,0.5,0.34,,
MUS,Mauritius,2016,14.08,14.93,126.88,373.55,37.25,1.06,3.11,0.31,,
MOZ,Mozambique,2016,#N/B,#N/B,#N/B,#N/B,#N/B,#N/B,#N/B,#N/B,,
MAR,Morocco,2016,#N/B,#N/B,#N/B,#N/B,#N/B,#N/B,#N/B,#N/B,,
NAM,Namibia,2016,#N/B,#N/B,69.02,65.93,#N/B,0.61,0.58,#N/B,,
NGA,Nigeria,2016,#N/B,#N/B,#N/B,#N/B,#N/B,#N/B,#N/B,#N/B,,
NER,Niger,2016,6.77,5.5,155.88,53.60,66.09,1.5,0.52,0.64,,
RWA,Rwanda,2016,11.66,11.52,101.57,155.02,#N/B,1.19,1.81,0.74,,
STP,Sao Tome and Principe,2016,#N/B,#N/B,#N/B,#N/B,#N/B,0.46,1.39,0.3,,
SEN,Senegal,2016,#N/B,#N/B,304.89,162.13,273.32,1.6,0.85,1.44,,
SYC,Seychelles,2016,17.07,18.28,19.28,17.12,13.65,1.23,1.09,0.87,,
SOM,Somalia,2016,#N/B,#N/B,#N/B,#N/B,#N/B,#N/B,#N/B,#N/B,,
SLE,Sierra Leone,2016,#N/B,#N/B,40.10,13.48,58.64,1.04,0.35,1.52,,
ZAF,South Africa,2016,13.31,14.21,7569.14,5765.15,2147.94,2.18,1.66,0.62,,
SDN,Sudan,2016,#N/B,#N/B,#N/B,#N/B,#N/B,#N/B,#N/B,#N/B,,
SSD,South Sudan,2016,#N/B,#N/B,#N/B,#N/B,#N/B,#N/B,#N/B,#N/B,,
TZA,Tanzania,2016,7.66,7.74,#N/B,#N/B,#N/B,#N/B,#N/B,#N/B,,
TGO,Togo,2016,#N/B,#N/B,142.45,35.62,39.87,2.35,0.59,0.66,,
TUN,Tunisia,2016,13.63,15.09,#N/B,#N/B,#N/B,#N/B,#N/B,#N/B,,
UGA,Uganda,2016,9.49,9.34,#N/B,#N/B,#N/B,#N/B,#N/B,#N/B,,
ZMB,Zambia,2016,#N/B,#N/B,529.82,154.94,96.89,2.53,0.74,0.46,,
ZWE,Zimbabwe,2016,#N/B,#N/B,#N/B,#N/B,#N/B,#N/B,#N/B,#N/B,,
BEN,Benin,2016,12.71,10.6,#N/B,#N/B,#N/B,#N/B,#N/B,#N/B,,
DZA,Algeria,2017,#N/B,#N/B,#N/B,#N/B,#N/B,#N/B,#N/B,#N/B,,
AGO,Angola,2017,#N/B,#N/B,#N/B,#N/B,#N/B,1.42,0.58,0.4,,
BWA,Botswana,2017,#N/B,#N/B,#N/B,#N/B,#N/B,#N/B,#N/B,#N/B,,
BFA,Burkina Faso,2017,8.82,8.35,#N/B,#N/B,#N/B,#N/B,#N/B,#N/B,,
CPV,Cabo Verde,2017,12.8,14.17,34.93,36.62,15.73,1.75,1.83,0.79,,
CMR,Cameroon,2017,#N/B,#N/B,#N/B,#N/B,#N/B,0.98,1.55,0.32,,
BDI,Burundi,2017,10.15,10.15,#N/B,#N/B,#N/B,#N/B,#N/B,#N/B,,
CAF,Central African Republic,2017,#N/B,#N/B,#N/B,#N/B,#N/B,#N/B,#N/B,#N/B,,
TCD,Chad,2017,#N/B,#N/B,#N/B,#N/B,#N/B,#N/B,#N/B,#N/B,,
COM,Comoros,2017,#N/B,#N/B,#N/B,#N/B,#N/B,#N/B,#N/B,#N/B,,
COG,"Congo, Rep.",2017,#N/B,#N/B,#N/B,#N/B,#N/B,#N/B,#N/B,0.99,,
COD,"Congo, Dem. Rep.",2017,#N/B,#N/B,#N/B,#N/B,#N/B,#N/B,#N/B,#N/B,,
CIV,Cote d'Ivoire,2017,9.99,8.76,775.54,616.64,510.84,1.48,1.17,0.97,,
DJI,Djibouti,2017,#N/B,#N/B,#N/B,#N/B,#N/B,#N/B,#N/B,#N/B,,
EGY,"Egypt, Arab Rep.",2017,11.79,11.65,4214.38,4340.74,#N/B,1.27,1.31,#N/B,,
GNQ,Equatorial Guinea,2017,#N/B,#N/B,#N/B,#N/B,#N/B,#N/B,#N/B,#N/B,,
ERI,Eritrea,2017,#N/B,#N/B,#N/B,#N/B,#N/B,#N/B,#N/B,#N/B,,
ETH,Ethiopia,2017,#N/B,#N/B,#N/B,#N/B,#N/B,#N/B,#N/B,#N/B,,
SWZ,Eswatini,2017,#N/B,#N/B,#N/B,#N/B,#N/B,2.67,2.22,0.7,,
GAB,Gabon,2017,#N/B,#N/B,#N/B,#N/B,#N/B,#N/B,#N/B,#N/B,,
GMB,"Gambia, The",2017,#N/B,#N/B,#N/B,#N/B,#N/B,1.26,0.56,#N/B,,
GHA,Ghana,2017,11.34,10.78,#N/B,#N/B,#N/B,#N/B,#N/B,#N/B,,
GNB,Guinea-Bissau,2017,#N/B,#N/B,#N/B,#N/B,#N/B,#N/B,#N/B,#N/B,,
GIN,Guinea,2017,#N/B,#N/B,97.08,54.37,87.88,0.94,0.53,0.85,,
KEN,Kenya,2017,#N/B,#N/B,#N/B,#N/B,#N/B,#N/B,#N/B,#N/B,,
LSO,Lesotho,2017,10.61,11.44,#N/B,#N/B,#N/B,#N/B,#N/B,#N/B,,
LBY,Libya,2017,#N/B,#N/B,#N/B,#N/B,#N/B,#N/B,#N/B,#N/B,,
LBR,Liberia,2017,#N/B,#N/B,#N/B,#N/B,#N/B,#N/B,#N/B,#N/B,,
MWI,Malawi,2017,#N/B,#N/B,#N/B,#N/B,#N/B,#N/B,#N/B,#N/B,,
MDG,Madagascar,2017,9.92,9.98,#N/B,#N/B,#N/B,#N/B,#N/B,#N/B,,
MLI,Mali,2017,7.56,6.31,260.13,215.47,100.67,1.69,1.4,0.66,,
MRT,Mauritania,2017,8.22,8,#N/B,#N/B,#N/B,#N/B,#N/B,#N/B,,
MUS,Mauritius,2017,13.88,15.05,141.65,387.61,36.02,1.12,3.08,0.29,,
MOZ,Mozambique,2017,10.89,9.9,#N/B,#N/B,#N/B,#N/B,#N/B,#N/B,,
MAR,Morocco,2017,13.53,12.61,#N/B,#N/B,#N/B,#N/B,#N/B,#N/B,,
NAM,Namibia,2017,#N/B,#N/B,67.23,64.38,#N/B,0.63,0.6,#N/B,,
NGA,Nigeria,2017,#N/B,#N/B,#N/B,#N/B,#N/B,#N/B,#N/B,#N/B,,
NER,Niger,2017,6.98,5.69,138.76,50.79,67.07,1.24,0.45,0.6,,
RWA,Rwanda,2017,11.75,11.66,#N/B,#N/B,#N/B,#N/B,1.15,0.57,,
STP,Sao Tome and Principe,2017,#N/B,#N/B,#N/B,#N/B,#N/B,0.52,0.86,0.22,,
SEN,Senegal,2017,#N/B,#N/B,404.73,303.66,264.71,1.93,1.45,1.26,,
SYC,Seychelles,2017,18.66,21.55,#N/B,#N/B,#N/B,#N/B,#N/B,#N/B,,
SOM,Somalia,2017,#N/B,#N/B,#N/B,#N/B,#N/B,#N/B,#N/B,#N/B,,
SLE,Sierra Leone,2017,#N/B,#N/B,35.34,35.06,102.32,0.95,0.94,2.75,,
ZAF,South Africa,2017,13.41,14.21,7044.82,5328.11,2601.80,2.18,1.65,0.8,,
SDN,Sudan,2017,#N/B,#N/B,#N/B,#N/B,#N/B,#N/B,#N/B,#N/B,,
SSD,South Sudan,2017,#N/B,#N/B,#N/B,#N/B,#N/B,#N/B,#N/B,#N/B,,
TZA,Tanzania,2017,8.03,8.09,#N/B,#N/B,#N/B,#N/B,#N/B,#N/B,,
TGO,Togo,2017,13.36,11.25,#N/B,#N/B,42.67,#N/B,#N/B,0.67,,
TUN,Tunisia,2017,#N/B,#N/B,#N/B,#N/B,#N/B,#N/B,#N/B,#N/B,,
UGA,Uganda,2017,#N/B,#N/B,#N/B,#N/B,#N/B,#N/B,#N/B,#N/B,,
ZMB,Zambia,2017,#N/B,#N/B,649.93,225.13,86.04,2.51,0.87,0.33,,
ZWE,Zimbabwe,2017,#N/B,#N/B,#N/B,#N/B,#N/B,#N/B,#N/B,#N/B,,
BEN,Benin,2017,#N/B,#N/B,#N/B,#N/B,#N/B,#N/B,#N/B,#N/B,,
DZA,Algeria,2018,#N/B,#N/B,#N/B,#N/B,#N/B,#N/B,#N/B,#N/B,,
AGO,Angola,2018,#N/B,#N/B,#N/B,#N/B,#N/B,0.88,0.97,0.27,,
BWA,Botswana,2018,#N/B,#N/B,#N/B,#N/B,#N/B,#N/B,#N/B,#N/B,,
BFA,Burkina Faso,2018,9.11,8.72,#N/B,#N/B,#N/B,#N/B,#N/B,#N/B,,
CPV,Cabo Verde,2018,12.64,14.04,#N/B,#N/B,#N/B,1.67,1.65,0.46,,
CMR,Cameroon,2018,#N/B,#N/B,#N/B,#N/B,#N/B,0.88,1.67,0.29,,
BDI,Burundi,2018,9.83,10.01,#N/B,#N/B,#N/B,#N/B,#N/B,#N/B,,
CAF,Central African Republic,2018,#N/B,#N/B,#N/B,#N/B,#N/B,#N/B,#N/B,#N/B,,
TCD,Chad,2018,#N/B,#N/B,115.77,50.31,26.04,1.03,0.45,0.23,,
COM,Comoros,2018,#N/B,#N/B,#N/B,#N/B,#N/B,#N/B,#N/B,#N/B,,
COG,"Congo, Rep.",2018,#N/B,#N/B,#N/B,#N/B,#N/B,#N/B,#N/B,0.74,,
COD,"Congo, Dem. Rep.",2018,#N/B,#N/B,#N/B,#N/B,#N/B,#N/B,#N/B,#N/B,,
CIV,Cote d'Ivoire,2018,#N/B,#N/B,888.91,660.08,263.66,1.52,1.13,0.45,,
DJI,Djibouti,2018,#N/B,#N/B,#N/B,#N/B,#N/B,#N/B,#N/B,#N/B,,
EGY,"Egypt, Arab Rep.",2018,12.03,11.94,#N/B,#N/B,#N/B,#N/B,#N/B,#N/B,,
GNQ,Equatorial Guinea,2018,#N/B,#N/B,#N/B,#N/B,#N/B,#N/B,#N/B,#N/B,,
ERI,Eritrea,2018,#N/B,#N/B,#N/B,#N/B,#N/B,#N/B,#N/B,#N/B,,
ETH,Ethiopia,2018,#N/B,#N/B,#N/B,#N/B,#N/B,#N/B,#N/B,#N/B,,
SWZ,Eswatini,2018,#N/B,#N/B,#N/B,#N/B,#N/B,2.44,2.07,0.73,,
GAB,Gabon,2018,#N/B,#N/B,#N/B,#N/B,#N/B,#N/B,#N/B,#N/B,,
GMB,"Gambia, The",2018,#N/B,#N/B,#N/B,#N/B,#N/B,1.22,0.58,#N/B,,
GHA,Ghana,2018,11.28,10.81,#N/B,#N/B,#N/B,#N/B,#N/B,#N/B,,
GNB,Guinea-Bissau,2018,#N/B,#N/B,#N/B,#N/B,#N/B,#N/B,#N/B,#N/B,,
GIN,Guinea,2018,9.86,7.64,#N/B,59.15,48.90,#N/B,0.5,0.41,,
KEN,Kenya,2018,#N/B,#N/B,#N/B,#N/B,#N/B,#N/B,#N/B,#N/B,,
LSO,Lesotho,2018,#N/B,#N/B,94.02,50.51,12.45,4.08,2.19,0.54,,
LBY,Libya,2018,#N/B,#N/B,#N/B,#N/B,#N/B,#N/B,#N/B,#N/B,,
LBR,Liberia,2018,#N/B,#N/B,#N/B,#N/B,#N/B,#N/B,#N/B,#N/B,,
MWI,Malawi,2018,#N/B,#N/B,#N/B,#N/B,#N/B,#N/B,#N/B,#N/B,,
MDG,Madagascar,2018,9.49,9.62,#N/B,#N/B,#N/B,#N/B,#N/B,#N/B,,
MLI,Mali,2018,#N/B,#N/B,#N/B,#N/B,114.41,#N/B,#N/B,0.67,,
MRT,Mauritania,2018,8.6,8.46,#N/B,#N/B,#N/B,#N/B,#N/B,#N/B,,
MUS,Mauritius,2018,13.9,15.03,146.33,402.08,41.18,1.07,2.93,0.3,,
MOZ,Mozambique,2018,#N/B,#N/B,#N/B,#N/B,#N/B,#N/B,#N/B,#N/B,,
MAR,Morocco,2018,13.66,12.88,#N/B,#N/B,#N/B,#N/B,#N/B,#N/B,,
NAM,Namibia,2018,#N/B,#N/B,#N/B,#N/B,#N/B,#N/B,#N/B,#N/B,,
NGA,Nigeria,2018,#N/B,#N/B,#N/B,#N/B,#N/B,#N/B,#N/B,#N/B,,
NER,Niger,2018,#N/B,#N/B,188.54,147.26,84.61,1.47,1.15,0.66,,
RWA,Rwanda,2018,11.48,11.33,81.24,108.79,56.38,0.88,1.18,0.61,,
STP,Sao Tome and Principe,2018,#N/B,#N/B,#N/B,#N/B,#N/B,0.13,0.66,0.2,,
SEN,Senegal,2018,#N/B,#N/B,389.74,418.87,352.01,1.69,1.81,1.52,,
SYC,Seychelles,2018,18.04,21.15,#N/B,#N/B,#N/B,#N/B,#N/B,#N/B,,
SOM,Somalia,2018,#N/B,#N/B,#N/B,#N/B,#N/B,#N/B,#N/B,#N/B,,
SLE,Sierra Leone,2018,#N/B,#N/B,88.59,58.46,132.36,2.17,1.43,3.24,,
ZAF,South Africa,2018,13.23,13.93,8342.15,6622.49,3283.50,2.19,1.74,0.86,,
SDN,Sudan,2018,#N/B,#N/B,#N/B,#N/B,#N/B,#N/B,#N/B,#N/B,,
SSD,South Sudan,2018,#N/B,#N/B,#N/B,#N/B,#N/B,#N/B,#N/B,#N/B,,
TZA,Tanzania,2018,#N/B,#N/B,#N/B,#N/B,#N/B,#N/B,#N/B,#N/B,,
TGO,Togo,2018,#N/B,#N/B,#N/B,#N/B,#N/B,#N/B,#N/B,#N/B,,
TUN,Tunisia,2018,#N/B,#N/B,#N/B,#N/B,#N/B,#N/B,#N/B,#N/B,,
UGA,Uganda,2018,#N/B,#N/B,#N/B,#N/B,#N/B,#N/B,#N/B,#N/B,,
ZMB,Zambia,2018,#N/B,#N/B,#N/B,#N/B,#N/B,#N/B,#N/B,#N/B,,
ZWE,Zimbabwe,2018,#N/B,#N/B,#N/B,#N/B,#N/B,#N/B,#N/B,#N/B,,
BEN,Benin,2018,#N/B,#N/B,#N/B,#N/B,#N/B,#N/B,#N/B,#N/B,,
DZA,Algeria,2019,#N/B,#N/B,#N/B,#N/B,#N/B,#N/B,#N/B,#N/B,,
AGO,Angola,2019,#N/B,#N/B,#N/B,#N/B,#N/B,0.84,0.74,0.24,,
BWA,Botswana,2019,#N/B,#N/B,#N/B,#N/B,#N/B,#N/B,#N/B,#N/B,,
BFA,Burkina Faso,2019,9.02,8.75,#N/B,#N/B,#N/B,#N/B,#N/B,#N/B,,
CPV,Cabo Verde,2019,#N/B,#N/B,50.52,29.94,9.39,2.24,1.33,0.42,,
CMR,Cameroon,2019,#N/B,#N/B,#N/B,#N/B,#N/B,0.9,1.72,0.28,,
BDI,Burundi,2019,#N/B,#N/B,#N/B,#N/B,#N/B,#N/B,#N/B,#N/B,,
CAF,Central African Republic,2019,#N/B,#N/B,#N/B,#N/B,#N/B,#N/B,#N/B,#N/B,,
TCD,Chad,2019,#N/B,#N/B,#N/B,#N/B,#N/B,#N/B,#N/B,#N/B,,
COM,Comoros,2019,#N/B,#N/B,#N/B,#N/B,#N/B,#N/B,#N/B,#N/B,,
COG,"Congo, Rep.",2019,#N/B,#N/B,#N/B,#N/B,#N/B,#N/B,#N/B,0.91,,
COD,"Congo, Dem. Rep.",2019,#N/B,#N/B,#N/B,#N/B,#N/B,#N/B,#N/B,#N/B,,
CIV,Cote d'Ivoire,2019,10.13,9.27,866.97,738.47,414.69,1.44,1.22,0.69,,
DJI,Djibouti,2019,#N/B,#N/B,#N/B,#N/B,#N/B,#N/B,#N/B,#N/B,,
EGY,"Egypt, Arab Rep.",2019,#N/B,#N/B,2203.61,2822.20,#N/B,0.84,1.07,#N/B,,
GNQ,Equatorial Guinea,2019,#N/B,#N/B,#N/B,#N/B,#N/B,#N/B,#N/B,#N/B,,
ERI,Eritrea,2019,#N/B,#N/B,#N/B,#N/B,#N/B,#N/B,#N/B,#N/B,,
ETH,Ethiopia,2019,#N/B,#N/B,#N/B,#N/B,#N/B,#N/B,#N/B,#N/B,,
SWZ,Eswatini,2019,#N/B,#N/B,#N/B,#N/B,#N/B,2.47,2.11,0.67,,
GAB,Gabon,2019,#N/B,#N/B,#N/B,#N/B,#N/B,#N/B,#N/B,#N/B,,
GMB,"Gambia, The",2019,#N/B,#N/B,#N/B,#N/B,#N/B,1.71,0.55,#N/B,,
GHA,Ghana,2019,11.57,11.22,#N/B,#N/B,#N/B,#N/B,#N/B,#N/B,,
GNB,Guinea-Bissau,2019,#N/B,#N/B,#N/B,#N/B,#N/B,#N/B,#N/B,#N/B,,
GIN,Guinea,2019,9.72,7.65,102.35,#N/B,#N/B,0.76,#N/B,#N/B,,
KEN,Kenya,2019,#N/B,#N/B,#N/B,#N/B,#N/B,#N/B,#N/B,#N/B,,
LSO,Lesotho,2019,#N/B,#N/B,#N/B,#N/B,#N/B,#N/B,#N/B,#N/B,,
LBY,Libya,2019,#N/B,#N/B,#N/B,#N/B,#N/B,#N/B,#N/B,#N/B,,
LBR,Liberia,2019,#N/B,#N/B,#N/B,#N/B,#N/B,#N/B,#N/B,#N/B,,
MWI,Malawi,2019,#N/B,#N/B,#N/B,#N/B,#N/B,#N/B,#N/B,#N/B,,
MDG,Madagascar,2019,8.96,9.16,#N/B,#N/B,#N/B,#N/B,#N/B,#N/B,,
MLI,Mali,2019,#N/B,#N/B,302.51,181.77,121.41,1.75,1.05,0.7,,
MRT,Mauritania,2019,8.71,8.75,70.45,38.01,26.73,0.89,0.48,0.34,,
MUS,Mauritius,2019,14.16,15,151.92,416.25,47.11,1.03,2.82,0.32,,
MOZ,Mozambique,2019,#N/B,#N/B,#N/B,#N/B,#N/B,#N/B,#N/B,#N/B,,
MAR,Morocco,2019,13.85,13.23,#N/B,#N/B,#N/B,#N/B,#N/B,#N/B,,
NAM,Namibia,2019,#N/B,#N/B,#N/B,#N/B,#N/B,#N/B,#N/B,#N/B,,
NGA,Nigeria,2019,#N/B,#N/B,#N/B,#N/B,#N/B,#N/B,#N/B,#N/B,,
NER,Niger,2019,#N/B,#N/B,#N/B,#N/B,#N/B,#N/B,#N/B,#N/B,,
RWA,Rwanda,2019,11.59,11.45,#N/B,#N/B,#N/B,#N/B,0.8,0.68,,
STP,Sao Tome and Principe,2019,12.23,12.14,#N/B,#N/B,#N/B,0.23,0.91,0.18,,
SEN,Senegal,2019,8.23,9.32,378.73,420.51,357.43,1.62,1.8,1.53,,
SYC,Seychelles,2019,17.13,20.97,#N/B,#N/B,#N/B,#N/B,#N/B,#N/B,,
SOM,Somalia,2019,#N/B,#N/B,#N/B,#N/B,#N/B,#N/B,#N/B,#N/B,,
SLE,Sierra Leone,2019,#N/B,#N/B,117.98,58.00,122.04,2.89,1.42,2.99,,
ZAF,South Africa,2019,13.39,14.07,8982.69,7132.32,4176.40,2.22,1.76,1.03,,
SDN,Sudan,2019,#N/B,#N/B,#N/B,#N/B,#N/B,#N/B,#N/B,#N/B,,
SSD,South Sudan,2019,#N/B,#N/B,#N/B,#N/B,#N/B,#N/B,#N/B,#N/B,,
TZA,Tanzania,2019,8.84,8.94,#N/B,#N/B,#N/B,#N/B,#N/B,#N/B,,
TGO,Togo,2019,#N/B,#N/B,#N/B,#N/B,#N/B,#N/B,#N/B,#N/B,,
TUN,Tunisia,2019,#N/B,#N/B,#N/B,#N/B,#N/B,#N/B,#N/B,#N/B,,
UGA,Uganda,2019,#N/B,#N/B,#N/B,#N/B,#N/B,#N/B,#N/B,#N/B,,
ZMB,Zambia,2019,#N/B,#N/B,#N/B,#N/B,#N/B,#N/B,#N/B,#N/B,,
ZWE,Zimbabwe,2019,#N/B,#N/B,#N/B,#N/B,#N/B,#N/B,#N/B,#N/B,,
BEN,Benin,2019,#N/B,#N/B,#N/B,#N/B,#N/B,#N/B,#N/B,#N/B,,
DZA,Algeria,2020,#N/B,#N/B,#N/B,#N/B,#N/B,#N/B,#N/B,#N/B,,
AGO,Angola,2020,#N/B,#N/B,#N/B,#N/B,#N/B,0.9,1.23,0.26,,
BWA,Botswana,2020,#N/B,#N/B,#N/B,#N/B,#N/B,#N/B,#N/B,#N/B,,
BFA,Burkina Faso,2020,8.82,8.68,#N/B,#N/B,#N/B,#N/B,#N/B,#N/B,,
CPV,Cabo Verde,2020,#N/B,#N/B,#N/B,#N/B,#N/B,#N/B,2.18,#N/B,,
CMR,Cameroon,2020,#N/B,#N/B,#N/B,#N/B,#N/B,0.93,1.76,0.28,,
BDI,Burundi,2020,#N/B,#N/B,#N/B,#N/B,#N/B,#N/B,#N/B,#N/B,,
CAF,Central African Republic,2020,#N/B,#N/B,#N/B,#N/B,#N/B,#N/B,#N/B,#N/B,,
TCD,Chad,2020,#N/B,#N/B,172.30,47.98,50.43,1.61,0.45,0.47,,
COM,Comoros,2020,#N/B,#N/B,#N/B,#N/B,#N/B,#N/B,#N/B,#N/B,,
COG,"Congo, Rep.",2020,#N/B,#N/B,#N/B,#N/B,#N/B,#N/B,#N/B,1.25,,
COD,"Congo, Dem. Rep.",2020,#N/B,#N/B,#N/B,#N/B,#N/B,#N/B,#N/B,#N/B,,
CIV,Cote d'Ivoire,2020,10.17,9.43,1023.36,759.70,542.29,1.62,1.21,0.86,,
DJI,Djibouti,2020,#N/B,#N/B,#N/B,#N/B,#N/B,#N/B,#N/B,#N/B,,
EGY,"Egypt, Arab Rep.",2020,12.55,12.33,#N/B,#N/B,#N/B,#N/B,#N/B,#N/B,,
GNQ,Equatorial Guinea,2020,#N/B,#N/B,#N/B,#N/B,#N/B,#N/B,#N/B,#N/B,,
ERI,Eritrea,2020,#N/B,#N/B,#N/B,#N/B,#N/B,#N/B,#N/B,#N/B,,
ETH,Ethiopia,2020,#N/B,#N/B,#N/B,#N/B,#N/B,#N/B,#N/B,#N/B,,
SWZ,Eswatini,2020,#N/B,#N/B,#N/B,#N/B,#N/B,2.25,1.98,0.7,,
GAB,Gabon,2020,#N/B,#N/B,#N/B,#N/B,#N/B,#N/B,#N/B,#N/B,,
GMB,"Gambia, The",2020,#N/B,#N/B,#N/B,#N/B,#N/B,1.78,0.55,#N/B,,
GHA,Ghana,2020,11.68,11.42,#N/B,#N/B,#N/B,#N/B,#N/B,#N/B,,
GNB,Guinea-Bissau,2020,#N/B,#N/B,#N/B,#N/B,#N/B,#N/B,#N/B,#N/B,,
GIN,Guinea,2020,9.73,7.69,140.82,#N/B,#N/B,0.99,#N/B,#N/B,,
KEN,Kenya,2020,#N/B,#N/B,#N/B,#N/B,#N/B,#N/B,#N/B,#N/B,,
LSO,Lesotho,2020,#N/B,#N/B,#N/B,#N/B,#N/B,#N/B,#N/B,#N/B,,
LBY,Libya,2020,#N/B,#N/B,#N/B,#N/B,#N/B,#N/B,#N/B,#N/B,,
LBR,Liberia,2020,#N/B,#N/B,#N/B,#N/B,#N/B,#N/B,#N/B,#N/B,,
MWI,Malawi,2020,#N/B,#N/B,#N/B,#N/B,#N/B,#N/B,#N/B,#N/B,,
MDG,Madagascar,2020,#N/B,#N/B,#N/B,#N/B,#N/B,#N/B,#N/B,#N/B,,
MLI,Mali,2020,#N/B,#N/B,381.46,197.97,107.07,2.18,1.13,0.61,,
MRT,Mauritania,2020,7.87,8.04,75.24,41.38,27.62,0.91,0.5,0.33,,
MUS,Mauritius,2020,13.68,14.78,133.41,398.14,43.82,0.92,2.76,0.3,,
MOZ,Mozambique,2020,#N/B,#N/B,#N/B,#N/B,#N/B,#N/B,#N/B,#N/B,,
MAR,Morocco,2020,14.03,13.6,#N/B,#N/B,#N/B,#N/B,#N/B,#N/B,,
NAM,Namibia,2020,#N/B,#N/B,#N/B,#N/B,#N/B,#N/B,#N/B,#N/B,,
NGA,Nigeria,2020,#N/B,#N/B,#N/B,#N/B,#N/B,#N/B,#N/B,#N/B,,
NER,Niger,2020,#N/B,#N/B,#N/B,#N/B,#N/B,#N/B,#N/B,#N/B,,
RWA,Rwanda,2020,#N/B,#N/B,#N/B,#N/B,#N/B,#N/B,0.86,0.61,,
STP,Sao Tome and Principe,2020,#N/B,#N/B,#N/B,#N/B,#N/B,0.29,0.41,0.16,,
SEN,Senegal,2020,8.28,9.58,407.12,588.25,374.17,1.66,2.4,1.53,,
SYC,Seychelles,2020,16.6,19.64,#N/B,#N/B,#N/B,#N/B,#N/B,#N/B,,
SOM,Somalia,2020,#N/B,#N/B,#N/B,#N/B,#N/B,#N/B,#N/B,#N/B,,
SLE,Sierra Leone,2020,#N/B,#N/B,143.24,60.27,145.29,3.53,1.48,3.58,,
ZAF,South Africa,2020,13.26,13.95,10036.63,8007.40,4499.90,2.58,2.06,1.16,,
SDN,Sudan,2020,#N/B,#N/B,#N/B,#N/B,#N/B,#N/B,#N/B,#N/B,,
SSD,South Sudan,2020,#N/B,#N/B,#N/B,#N/B,#N/B,#N/B,#N/B,#N/B,,
TZA,Tanzania,2020,9.22,9.29,#N/B,#N/B,#N/B,#N/B,#N/B,#N/B,,
TGO,Togo,2020,#N/B,#N/B,#N/B,#N/B,#N/B,#N/B,#N/B,#N/B,,
TUN,Tunisia,2020,#N/B,#N/B,#N/B,#N/B,#N/B,#N/B,#N/B,#N/B,,
UGA,Uganda,2020,#N/B,#N/B,#N/B,#N/B,#N/B,#N/B,#N/B,#N/B,,
ZMB,Zambia,2020,#N/B,#N/B,#N/B,#N/B,#N/B,#N/B,#N/B,#N/B,,
ZWE,Zimbabwe,2020,#N/B,#N/B,#N/B,#N/B,#N/B,#N/B,#N/B,#N/B,,
BEN,Benin,2020,10.64,9.06,#N/B,#N/B,#N/B,#N/B,#N/B,#N/B,,
DZA,Algeria,2021,#N/B,#N/B,#N/B,#N/B,#N/B,#N/B,#N/B,#N/B,,
AGO,Angola,2021,#N/B,#N/B,#N/B,#N/B,#N/B,0.88,1.1,0.23,,
BWA,Botswana,2021,11.89,12.5,#N/B,#N/B,#N/B,#N/B,#N/B,#N/B,,
BFA,Burkina Faso,2021,8.7,8.73,#N/B,#N/B,#N/B,#N/B,#N/B,#N/B,,
CPV,Cabo Verde,2021,#N/B,#N/B,#N/B,#N/B,#N/B,#N/B,2.06,0.59,,
CMR,Cameroon,2021,11.53,10.13,#N/B,#N/B,#N/B,0.87,1.58,0.26,,
BDI,Burundi,2021,#N/B,#N/B,#N/B,#N/B,#N/B,#N/B,#N/B,#N/B,,
CAF,Central African Republic,2021,#N/B,#N/B,#N/B,#N/B,#N/B,#N/B,#N/B,#N/B,,
TCD,Chad,2021,#N/B,#N/B,#N/B,#N/B,41.59,#N/B,#N/B,0.35,,
COM,Comoros,2021,#N/B,#N/B,#N/B,#N/B,#N/B,#N/B,#N/B,#N/B,,
COG,"Congo, Rep.",2021,#N/B,#N/B,#N/B,#N/B,#N/B,#N/B,#N/B,0.98,,
COD,"Congo, Dem. Rep.",2021,#N/B,#N/B,#N/B,#N/B,#N/B,#N/B,#N/B,#N/B,,
CIV,Cote d'Ivoire,2021,10.09,9.48,1028.58,813.03,515.87,1.41,1.12,0.71,,
DJI,Djibouti,2021,#N/B,#N/B,#N/B,#N/B,#N/B,#N/B,#N/B,#N/B,,
EGY,"Egypt, Arab Rep.",2021,#N/B,#N/B,3064.57,3475.61,#N/B,0.8,0.91,#N/B,,
GNQ,Equatorial Guinea,2021,#N/B,#N/B,#N/B,#N/B,#N/B,#N/B,#N/B,#N/B,,
ERI,Eritrea,2021,#N/B,#N/B,#N/B,#N/B,#N/B,#N/B,#N/B,#N/B,,
ETH,Ethiopia,2021,#N/B,#N/B,#N/B,#N/B,#N/B,#N/B,#N/B,#N/B,,
SWZ,Eswatini,2021,#N/B,#N/B,#N/B,#N/B,#N/B,2.23,2.05,0.63,,
GAB,Gabon,2021,#N/B,#N/B,#N/B,#N/B,#N/B,#N/B,#N/B,#N/B,,
GMB,"Gambia, The",2021,#N/B,#N/B,#N/B,#N/B,#N/B,1.81,0.64,#N/B,,
GHA,Ghana,2021,11.83,11.62,#N/B,#N/B,#N/B,#N/B,#N/B,#N/B,,
GNB,Guinea-Bissau,2021,#N/B,#N/B,#N/B,#N/B,#N/B,#N/B,#N/B,#N/B,,
GIN,Guinea,2021,9.33,7.54,#N/B,#N/B,#N/B,#N/B,#N/B,#N/B,,
KEN,Kenya,2021,#N/B,#N/B,#N/B,#N/B,#N/B,#N/B,#N/B,#N/B,,
LSO,Lesotho,2021,#N/B,#N/B,#N/B,#N/B,#N/B,#N/B,#N/B,#N/B,,
LBY,Libya,2021,#N/B,#N/B,#N/B,#N/B,#N/B,#N/B,#N/B,#N/B,,
LBR,Liberia,2021,#N/B,#N/B,22.15,14.13,30.27,0.7,0.44,0.95,,
MWI,Malawi,2021,9.78,10.03,#N/B,#N/B,#N/B,#N/B,#N/B,#N/B,,
MDG,Madagascar,2021,#N/B,#N/B,#N/B,#N/B,#N/B,#N/B,#N/B,#N/B,,
MLI,Mali,2021,#N/B,#N/B,487.24,225.58,126.80,2.52,1.17,0.66,,
MRT,Mauritania,2021,#N/B,#N/B,94.30,50.54,22.90,1.02,0.55,0.25,,
MUS,Mauritius,2021,#N/B,#N/B,128.28,326.82,36.92,1.12,2.86,0.32,,
MOZ,Mozambique,2021,#N/B,#N/B,#N/B,#N/B,#N/B,#N/B,#N/B,#N/B,,
MAR,Morocco,2021,14.07,13.89,#N/B,#N/B,#N/B,#N/B,#N/B,#N/B,,
NAM,Namibia,2021,#N/B,#N/B,#N/B,#N/B,#N/B,#N/B,#N/B,#N/B,,
NGA,Nigeria,2021,#N/B,#N/B,#N/B,#N/B,#N/B,#N/B,#N/B,#N/B,,
NER,Niger,2021,#N/B,#N/B,#N/B,#N/B,#N/B,#N/B,#N/B,#N/B,,
RWA,Rwanda,2021,12.1,12.16,266.56,150.13,65.09,2.62,1.48,0.64,,
STP,Sao Tome and Principe,2021,12.76,12.74,#N/B,#N/B,#N/B,0.11,0.67,0.15,,
SEN,Senegal,2021,8.19,9.78,481.17,563.93,468.49,1.75,2.05,1.7,,
SYC,Seychelles,2021,16.25,20.79,#N/B,#N/B,#N/B,1.04,0.97,0.6,,
SOM,Somalia,2021,#N/B,#N/B,#N/B,#N/B,#N/B,#N/B,#N/B,#N/B,,
SLE,Sierra Leone,2021,#N/B,#N/B,187.68,61.15,142.26,4.42,1.44,3.35,,
ZAF,South Africa,2021,13.48,14.26,9066.62,7343.52,4326.11,2.68,2.17,1.28,,
SDN,Sudan,2021,#N/B,#N/B,#N/B,#N/B,#N/B,#N/B,#N/B,#N/B,,
SSD,South Sudan,2021,#N/B,#N/B,#N/B,#N/B,#N/B,#N/B,#N/B,#N/B,,
TZA,Tanzania,2021,9.28,9.43,#N/B,#N/B,#N/B,#N/B,#N/B,#N/B,,
TGO,Togo,2021,#N/B,#N/B,#N/B,#N/B,#N/B,#N/B,#N/B,#N/B,,
TUN,Tunisia,2021,#N/B,#N/B,#N/B,#N/B,#N/B,#N/B,#N/B,#N/B,,
UGA,Uganda,2021,#N/B,#N/B,#N/B,#N/B,#N/B,#N/B,#N/B,#N/B,,
ZMB,Zambia,2021,#N/B,#N/B,#N/B,#N/B,#N/B,#N/B,#N/B,#N/B,,
ZWE,Zimbabwe,2021,#N/B,#N/B,#N/B,#N/B,#N/B,#N/B,#N/B,#N/B,,
BEN,Benin,2021,10.64,9.2,#N/B,#N/B,#N/B,#N/B,#N/B,#N/B,,
DZA,Algeria,2022,14.52,16.01,#N/B,#N/B,#N/B,#N/B,#N/B,#N/B,,
AGO,Angola,2022,#N/B,#N/B,#N/B,#N/B,#N/B,0.91,0.99,0.41,,
BWA,Botswana,2022,#N/B,#N/B,#N/B,#N/B,#N/B,#N/B,#N/B,#N/B,,
BFA,Burkina Faso,2022,7.98,8.17,#N/B,#N/B,#N/B,#N/B,#N/B,#N/B,,
CPV,Cabo Verde,2022,#N/B,#N/B,#N/B,#N/B,#N/B,1.66,1.6,0.5,,
CMR,Cameroon,2022,11.52,10.31,#N/B,#N/B,#N/B,0.83,1.49,0.23,,
BDI,Burundi,2022,#N/B,#N/B,#N/B,#N/B,#N/B,#N/B,#N/B,#N/B,,
CAF,Central African Republic,2022,#N/B,#N/B,#N/B,#N/B,#N/B,#N/B,#N/B,#N/B,,
TCD,Chad,2022,#N/B,#N/B,#N/B,#N/B,#N/B,#N/B,#N/B,#N/B,,
COM,Comoros,2022,#N/B,#N/B,#N/B,#N/B,#N/B,#N/B,#N/B,#N/B,,
COG,"Congo, Rep.",2022,#N/B,#N/B,#N/B,#N/B,#N/B,#N/B,#N/B,0.77,,
COD,"Congo, Dem. Rep.",2022,#N/B,#N/B,#N/B,#N/B,#N/B,#N/B,#N/B,#N/B,,
CIV,Cote d'Ivoire,2022,9.95,9.46,1026.33,880.71,523.65,1.46,1.26,0.75,,
DJI,Djibouti,2022,#N/B,#N/B,#N/B,#N/B,#N/B,#N/B,#N/B,#N/B,,
EGY,"Egypt, Arab Rep.",2022,#N/B,#N/B,3366.73,3818.36,#N/B,0.79,0.9,#N/B,,
GNQ,Equatorial Guinea,2022,#N/B,#N/B,#N/B,#N/B,#N/B,#N/B,#N/B,#N/B,,
ERI,Eritrea,2022,#N/B,#N/B,#N/B,#N/B,#N/B,#N/B,#N/B,#N/B,,
ETH,Ethiopia,2022,#N/B,#N/B,#N/B,#N/B,#N/B,#N/B,#N/B,#N/B,,
SWZ,Eswatini,2022,#N/B,#N/B,#N/B,#N/B,#N/B,#N/B,#N/B,#N/B,,
GAB,Gabon,2022,#N/B,#N/B,#N/B,#N/B,#N/B,#N/B,#N/B,#N/B,,
GMB,"Gambia, The",2022,#N/B,#N/B,#N/B,#N/B,#N/B,1.16,1.14,#N/B,,
GHA,Ghana,2022,11.69,11.48,#N/B,#N/B,#N/B,#N/B,#N/B,#N/B,,
GNB,Guinea-Bissau,2022,#N/B,#N/B,#N/B,#N/B,#N/B,#N/B,#N/B,#N/B,,
GIN,Guinea,2022,#N/B,#N/B,#N/B,#N/B,#N/B,#N/B,#N/B,#N/B,,
KEN,Kenya,2022,#N/B,#N/B,#N/B,#N/B,#N/B,#N/B,#N/B,#N/B,,
LSO,Lesotho,2022,#N/B,#N/B,#N/B,#N/B,#N/B,#N/B,#N/B,#N/B,,
LBY,Libya,2022,#N/B,#N/B,#N/B,#N/B,#N/B,#N/B,#N/B,#N/B,,
LBR,Liberia,2022,#N/B,#N/B,#N/B,#N/B,#N/B,#N/B,#N/B,#N/B,,
MWI,Malawi,2022,#N/B,#N/B,#N/B,#N/B,#N/B,#N/B,#N/B,#N/B,,
MDG,Madagascar,2022,#N/B,#N/B,#N/B,#N/B,#N/B,#N/B,#N/B,#N/B,,
MLI,Mali,2022,#N/B,#N/B,#N/B,#N/B,#N/B,#N/B,#N/B,#N/B,,
MRT,Mauritania,2022,#N/B,#N/B,#N/B,#N/B,#N/B,#N/B,#N/B,#N/B,,
MUS,Mauritius,2022,#N/B,#N/B,128.06,341.64,44.42,1.12,2.97,0.39,,
MOZ,Mozambique,2022,#N/B,#N/B,#N/B,#N/B,#N/B,#N/B,#N/B,#N/B,,
MAR,Morocco,2022,14.63,14.56,#N/B,#N/B,#N/B,#N/B,#N/B,#N/B,,
NAM,Namibia,2022,#N/B,#N/B,#N/B,#N/B,#N/B,#N/B,#N/B,#N/B,,
NGA,Nigeria,2022,#N/B,#N/B,#N/B,#N/B,#N/B,#N/B,#N/B,#N/B,,
NER,Niger,2022,#N/B,#N/B,#N/B,#N/B,#N/B,#N/B,#N/B,#N/B,,
RWA,Rwanda,2022,12.25,12.27,#N/B,199.39,53.13,#N/B,1.8,0.48,,
STP,Sao Tome and Principe,2022,#N/B,#N/B,#N/B,#N/B,#N/B,0.12,0.76,0.13,,
SEN,Senegal,2022,8.18,10.05,524.77,642.61,453.54,1.9,2.33,1.64,,
SYC,Seychelles,2022,12.65,14.98,#N/B,#N/B,#N/B,0.83,0.95,#N/B,,
SOM,Somalia,2022,#N/B,#N/B,#N/B,#N/B,#N/B,#N/B,#N/B,#N/B,,
SLE,Sierra Leone,2022,#N/B,#N/B,168.87,58.42,110.36,4.12,1.43,2.7,,
ZAF,South Africa,2022,13.48,14.25,10611.23,8327.05,5474.49,2.53,1.98,1.3,,
SDN,Sudan,2022,#N/B,#N/B,#N/B,#N/B,#N/B,#N/B,#N/B,#N/B,,
SSD,South Sudan,2022,#N/B,#N/B,#N/B,#N/B,#N/B,#N/B,#N/B,#N/B,,
TZA,Tanzania,2022,#N/B,#N/B,#N/B,#N/B,#N/B,#N/B,#N/B,#N/B,,
TGO,Togo,2022,#N/B,#N/B,#N/B,#N/B,#N/B,#N/B,#N/B,#N/B,,
TUN,Tunisia,2022,#N/B,#N/B,#N/B,#N/B,#N/B,#N/B,#N/B,#N/B,,
UGA,Uganda,2022,#N/B,#N/B,#N/B,#N/B,#N/B,#N/B,#N/B,#N/B,,
ZMB,Zambia,2022,#N/B,#N/B,#N/B,#N/B,#N/B,#N/B,#N/B,#N/B,,
ZWE,Zimbabwe,2022,#N/B,#N/B,#N/B,#N/B,#N/B,#N/B,#N/B,#N/B,,
BEN,Benin,2022,10.66,9.35,#N/B,#N/B,#N/B,#N/B,#N/B,#N/B,,
DZA,Algeria,2023,14.61,15.93,0.26,441.38,3298.75,#N/B,#N/B,#N/B,,
AGO,Angola,2023,#N/B,#N/B,#N/B,#N/B,#N/B,0.83,#N/B,0.48,,
BWA,Botswana,2023,#N/B,#N/B,#N/B,#N/B,#N/B,#N/B,#N/B,#N/B,,
BFA,Burkina Faso,2023,7.14,7.42,#N/B,#N/B,#N/B,#N/B,#N/B,#N/B,,
CPV,Cabo Verde,2023,#N/B,#N/B,#N/B,#N/B,#N/B,1.55,1.38,0.47,,
CMR,Cameroon,2023,11.52,10.36,#N/B,#N/B,#N/B,0.8,1.68,0.25,,
BDI,Burundi,2023,#N/B,#N/B,#N/B,#N/B,#N/B,#N/B,#N/B,#N/B,,
CAF,Central African Republic,2023,#N/B,#N/B,#N/B,#N/B,#N/B,#N/B,#N/B,#N/B,,
TCD,Chad,2023,#N/B,#N/B,#N/B,#N/B,#N/B,#N/B,#N/B,#N/B,,
COM,Comoros,2023,#N/B,#N/B,#N/B,#N/B,#N/B,#N/B,#N/B,#N/B,,
COG,"Congo, Rep.",2023,#N/B,#N/B,#N/B,#N/B,#N/B,#N/B,#N/B,0.96,,
COD,"Congo, Dem. Rep.",2023,#N/B,#N/B,#N/B,#N/B,#N/B,#N/B,#N/B,#N/B,,
CIV,Cote d'Ivoire,2023,10.9,10.56,1157.58,1019.03,483.15,1.47,1.29,0.61,,
DJI,Djibouti,2023,#N/B,#N/B,#N/B,#N/B,#N/B,#N/B,#N/B,#N/B,,
EGY,"Egypt, Arab Rep.",2023,12.92,12.76,#N/B,#N/B,#N/B,#N/B,#N/B,#N/B,,
GNQ,Equatorial Guinea,2023,#N/B,#N/B,#N/B,#N/B,#N/B,#N/B,#N/B,#N/B,,
ERI,Eritrea,2023,#N/B,#N/B,#N/B,#N/B,#N/B,#N/B,#N/B,#N/B,,
ETH,Ethiopia,2023,#N/B,#N/B,#N/B,#N/B,#N/B,#N/B,#N/B,#N/B,,
SWZ,Eswatini,2023,#N/B,#N/B,#N/B,#N/B,#N/B,#N/B,#N/B,#N/B,,
GAB,Gabon,2023,#N/B,#N/B,#N/B,#N/B,#N/B,#N/B,#N/B,#N/B,,
GMB,"Gambia, The",2023,#N/B,#N/B,#N/B,#N/B,#N/B,1.08,1.09,#N/B,,
GHA,Ghana,2023,#N/B,#N/B,#N/B,#N/B,#N/B,#N/B,#N/B,#N/B,,
GNB,Guinea-Bissau,2023,#N/B,#N/B,#N/B,#N/B,#N/B,#N/B,#N/B,#N/B,,
GIN,Guinea,2023,#N/B,#N/B,#N/B,#N/B,#N/B,#N/B,#N/B,#N/B,,
KEN,Kenya,2023,#N/B,#N/B,#N/B,#N/B,#N/B,#N/B,#N/B,#N/B,,
LSO,Lesotho,2023,#N/B,#N/B,#N/B,#N/B,#N/B,#N/B,#N/B,#N/B,,
LBY,Libya,2023,#N/B,#N/B,#N/B,#N/B,#N/B,#N/B,#N/B,#N/B,,
LBR,Liberia,2023,#N/B,#N/B,#N/B,#N/B,#N/B,#N/B,#N/B,#N/B,,
MWI,Malawi,2023,#N/B,#N/B,#N/B,#N/B,#N/B,#N/B,#N/B,#N/B,,
MDG,Madagascar,2023,#N/B,#N/B,#N/B,#N/B,#N/B,#N/B,#N/B,#N/B,,
MLI,Mali,2023,#N/B,#N/B,#N/B,#N/B,#N/B,#N/B,#N/B,#N/B,,
MRT,Mauritania,2023,#N/B,#N/B,197.39,107.80,126.86,1.89,1.03,1.21,,
MUS,Mauritius,2023,#N/B,#N/B,134.33,365.95,47.24,1.04,2.83,0.37,,
MOZ,Mozambique,2023,#N/B,#N/B,#N/B,#N/B,#N/B,#N/B,#N/B,#N/B,,
MAR,Morocco,2023,15.03,15.18,#N/B,#N/B,#N/B,#N/B,#N/B,#N/B,,
NAM,Namibia,2023,#N/B,#N/B,#N/B,#N/B,#N/B,#N/B,#N/B,#N/B,,
NGA,Nigeria,2023,#N/B,#N/B,#N/B,#N/B,#N/B,#N/B,#N/B,#N/B,,
NER,Niger,2023,#N/B,#N/B,#N/B,#N/B,#N/B,#N/B,#N/B,#N/B,,
RWA,Rwanda,2023,12.64,12.55,204.86,171.80,124.91,1.54,1.29,0.94,,
STP,Sao Tome and Principe,2023,#N/B,#N/B,#N/B,#N/B,#N/B,0.09,0.57,0.14,,
SEN,Senegal,2023,8.14,10.19,#N/B,#N/B,#N/B,#N/B,#N/B,#N/B,,
SYC,Seychelles,2023,12.59,14.53,#N/B,#N/B,#N/B,0.84,0.97,#N/B,,
SOM,Somalia,2023,#N/B,#N/B,#N/B,#N/B,#N/B,#N/B,#N/B,#N/B,,
SLE,Sierra Leone,2023,#N/B,#N/B,#N/B,#N/B,#N/B,3075.71,1011.08,2104,,
ZAF,South Africa,2023,#N/B,#N/B,9969.13,7899.77,5478.46,2.46,1.95,1.35,,
SDN,Sudan,2023,#N/B,#N/B,#N/B,#N/B,#N/B,#N/B,#N/B,#N/B,,
SSD,South Sudan,2023,#N/B,#N/B,#N/B,#N/B,#N/B,#N/B,#N/B,#N/B,,
TZA,Tanzania,2023,#N/B,#N/B,#N/B,#N/B,#N/B,#N/B,#N/B,#N/B,,
TGO,Togo,2023,#N/B,#N/B,#N/B,#N/B,#N/B,#N/B,#N/B,#N/B,,
TUN,Tunisia,2023,#N/B,#N/B,#N/B,#N/B,#N/B,#N/B,#N/B,#N/B,,
UGA,Uganda,2023,#N/B,#N/B,#N/B,#N/B,#N/B,#N/B,#N/B,#N/B,,
ZMB,Zambia,2023,#N/B,#N/B,#N/B,#N/B,#N/B,#N/B,#N/B,#N/B,,
ZWE,Zimbabwe,2023,#N/B,#N/B,#N/B,#N/B,#N/B,#N/B,#N/B,#N/B,,
BEN,Benin,2023,#N/B,#N/B,#N/B,#N/B,#N/B,#N/B,#N/B,#N/B,,
